{
  "$schema": "https://schema.management.azure.com/schemas/2015-01-01/deploymentTemplate.json#",
  "contentVersion": "1.0.0.0",
  "parameters": {
    "vmName": {
      "type": "string",
      "metadata": {
        "description": "Name of new VM"
      }
    },
    "vmSize": {
      "type": "string",
      "defaultValue": "Standard_D2_V2",
      "metadata": {
        "description": "Size of the VM. See Azure documentation for up to date list and pricing"
      }
    },
    "adminPassword": {
      "type": "securestring",
      "metadata": {
        "description": "Password for the Virtual Machine."
      }
    },
    "adminUsername": {
      "type": "string",
      "metadata": {
        "description": "User name for the Virtual Machine."
      }
    },
    "windowsOSVersion": {
      "type": "string",
      "defaultValue": "2016-Datacenter",
      "allowedValues": [
        "2012-R2-Datacenter",
        "2016-Nano-Server",
        "2016-Datacenter-with-Containers",
        "2016-Datacenter"
      ],
      "metadata": {
        "description": "The Windows version for the new VM"
      }
    }
  },
  "variables": {
    "virtualNetworkName": "ContosoMonitorVNet",
    "addressPrefix": "172.99.213.0/24",
    "subnetName": "default",
    "subnetPrefix": "172.99.213.0/27",
    "subnetRef": "[resourceId('Microsoft.Network/virtualNetworks/subnets', variables('virtualNetworkName'), variables('subnetName'))]",
    "publicIPAddressName": "ContosoMonitorPublicIP",
    "defaultNSG":"defaultNSG",
    "vmDNS": "[concat(parameters(toLower('vmName')),uniqueString(subscription().subscriptionId))]",
    "hostDNSNameScriptArgument": "[concat('*.',resourceGroup().location,'.cloudapp.azure.com')]"
  },
  "resources": [
    {
      "apiVersion": "2016-03-30",
      "type": "Microsoft.Network/virtualNetworks",
      "name": "[variables('virtualNetworkName')]",
      "location": "[resourceGroup().location]",
      "dependsOn": [
        "[concat('Microsoft.Network/networkSecurityGroups/', variables('defaultNSG'))]"
      ],
      "properties": {
        "addressSpace": {
          "addressPrefixes": [
            "[variables('addressPrefix')]"
          ]
        },
        "subnets": [
          {
            "name": "[variables('subnetName')]",
            "properties": {
              "addressPrefix": "[variables('subnetPrefix')]",
              "networkSecurityGroup": {
                "id": "[resourceId('Microsoft.Network/networkSecurityGroups', variables('defaultNSG'))]"
              }
            }
          }
        ]
      }
    },
    {
      "apiVersion": "2016-03-30",
      "type": "Microsoft.Network/networkSecurityGroups",
      "name": "[variables('defaultNSG')]",
      "location": "[resourceGroup().location]",
      "properties": {
        "securityRules": [
          {
            "name": "rdp-in",
            "properties": {
              "description": "RDP in",
              "protocol": "Tcp",
              "sourcePortRange": "*",
              "destinationPortRange": "3389",
              "sourceAddressPrefix": "Internet",
              "destinationAddressPrefix": "*",
              "access": "Allow",
              "priority": 100,
              "direction": "Inbound"
            }
          },
          {
            "name": "winrm-in",
            "properties": {
              "description": "WinRM for PowerShell",
              "protocol": "Tcp",
              "sourcePortRange": "*",
              "destinationPortRange": "5986",
              "sourceAddressPrefix": "Internet",
              "destinationAddressPrefix": "*",
              "access": "Allow",
              "priority": 130,
              "direction": "Inbound"
            }
          },
          {
            "name": "winrmhttp-in",
            "properties": {
              "description": "WinRM http for PowerShell",
              "protocol": "Tcp",
              "sourcePortRange": "*",
              "destinationPortRange": "5985",
              "sourceAddressPrefix": "Internet",
              "destinationAddressPrefix": "*",
              "access": "Allow",
              "priority": 200,
              "direction": "Inbound"
            }
          },
          {
            "name": "https-in",
            "properties": {
              "description": "https in",
              "protocol": "Tcp",
              "sourcePortRange": "*",
              "destinationPortRange": "443",
              "sourceAddressPrefix": "Internet",
              "destinationAddressPrefix": "*",
              "access": "Allow",
              "priority": 150,
              "direction": "Inbound"
            }
          },
          {
            "name": "http-in",
            "properties": {
              "description": "http in",
              "protocol": "Tcp",
              "sourcePortRange": "*",
              "destinationPortRange": "80",
              "sourceAddressPrefix": "Internet",
              "destinationAddressPrefix": "*",
              "access": "Allow",
              "priority": 180,
              "direction": "Inbound"
            }
          }
        ]
      }
    },
    {
      "apiVersion": "2016-03-30",
      "type": "Microsoft.Network/publicIPAddresses",
      "name": "[variables('publicIPAddressName')]",
      "location": "[resourceGroup().location]",
      "properties": {
        "publicIPAllocationMethod": "Dynamic",
        "dnsSettings": {
                    "domainNameLabel": "[variables('vmDNS')]"
                }
      }
    },
    {
      "type": "Microsoft.Network/networkInterfaces",
      "apiVersion": "2015-06-15",
      "location": "[resourceGroup().location]",
      "name": "[concat(parameters('vmName'),'-nic')]",
      "dependsOn": [
        "[resourceId('Microsoft.Network/publicIPAddresses/', variables('publicIPAddressName'))]",
        "[resourceId('Microsoft.Network/virtualNetworks/', variables('virtualNetworkName'))]"
      ],
      "properties": {
        "ipConfigurations": [
          {
            "name": "ipconfig1",
            "properties": {
              "privateIPAllocationMethod": "Dynamic",
              "publicIPAddress": {
                "id": "[resourceId('Microsoft.Network/publicIPAddresses',variables('publicIPAddressName'))]"
              },
              "subnet": {
                "id": "[variables('subnetRef')]"
              }
            }
          }
        ]
      }
    },
    {
      "apiVersion": "2016-04-30-preview",
      "type": "Microsoft.Compute/virtualMachines",
      "name": "[parameters('vmName')]",
      "location": "[resourceGroup().location]",
      "dependsOn": [
        "[concat('Microsoft.Network/networkInterfaces/', parameters('vmName'),'-nic')]"
      ],
      "properties": {
        "hardwareProfile": {
          "vmSize": "[parameters('vmSize')]"
        },
        "osProfile": {
          "computerName": "[parameters('vmName')]",
          "adminUsername": "[parameters('adminUsername')]",
          "adminPassword": "[parameters('adminPassword')]"
        },
        "storageProfile": {
          "imageReference": {
            "publisher": "MicrosoftWindowsServer",
            "offer": "WindowsServer",
            "sku": "[parameters('windowsOSVersion')]",
            "version": "latest"
          },
          "osDisk": {
            "name": "[concat(parameters('vmName'),'-osDisk')]",
            "caching": "ReadWrite",
            "createOption": "FromImage",
            "diskSizeGB": 128
          }
        },
        "networkProfile": {
          "networkInterfaces": [
            {
              "id": "[resourceId('Microsoft.Network/networkInterfaces',concat(parameters('vmName'),'-nic'))]"
            }
          ]
        },
        "diagnosticsProfile": {
          "bootDiagnostics": {
            "enabled": false
          }
        }
      },
      "resources": [
          {
                  "type": "extensions",
                  "name": "CustomScriptExtension",
                  "apiVersion": "2015-06-15",
                  "location": "[resourceGroup().location]",
                  "dependsOn": [
                      "[concat('Microsoft.Compute/virtualMachines/', parameters('vmName'))]"
                  ],
                  "properties": {
       	           "publisher": "Microsoft.Compute",
       	           "type": "CustomScriptExtension",
                     "typeHandlerVersion": "1.8",
                     "settings": {
						 "fileUris": [ 
									"https://raw.githubusercontent.com/iamrobdavies/AzureAutomationWorkshop/master/ConfigureWinRM.ps1",
									"https://raw.githubusercontent.com/iamrobdavies/AzureAutomationWorkshop/master/makecert.exe",
									"https://raw.githubusercontent.com/iamrobdavies/AzureAutomationWorkshop/master/winrmconf.cmd"
								],
						 "commandToExecute": "[concat('powershell -ExecutionPolicy Unrestricted -file ConfigureWinRM.ps1 ',variables('hostDNSNameScriptArgument'))]"
                     }
                 }
              }
      ]
    }
  ],
  "outputs": {
    "vmDNSAddress":{
      "type": "string",
      "value": "[concat(variables('vmDNS'),'.',resourceGroup().location,'.cloudapp.azure.com')]"
    }
  }
}
