{
    "$schema": "https://schema.management.azure.com/schemas/2015-01-01/deploymentParameters.json#",
    "contentVersion": "1.0.0.0",
    "parameters": {
        "location": {
            "value": "replacedinscript"
        },
        "virtualMachineName": {
            "value": "STH-DC01"
        },
        "virtualMachineSize": {
            "value": "Standard_D1_v2"
        },
        "adminUsername": {
            "value": "replacedinscript"
        },
        "storageAccountName": {
            "value": "replacedinscript"
        },
        "virtualNetworkName": {
            "value": "AA-AutomationWorkshop-vnet"
        },
        "networkInterfaceName": {
            "value": "aa-dc01534"
        },
        "networkSecurityGroupName": {
            "value": "STH-DC01-nsg"
        },
        "adminPassword": {
            "value": "replacedinscript"
        },
        "storageAccountType": {
            "value": "Standard_LRS"
        },
        "addressPrefix": {
            "value": "10.1.1.0/24"
        },
        "subnetName": {
            "value": "default"
        },
        "subnetPrefix": {
            "value": "10.1.1.0/24"
        },
        "publicIpAddressName": {
            "value": "STH-DC01-ip"
        },
        "publicIpAddressType": {
            "value": "Dynamic"
        }
    }
}