{
    "$schema": "https://schema.management.azure.com/schemas/2015-01-01/deploymentParameters.json#",
    "contentVersion": "1.0.0.0",
    "parameters": {
        "location": {
            "value": "centralindia"
        },
        "virtualMachineName": {
            "value": "STH-HRW01"
        },
        "virtualMachineSize": {
            "value": "Standard_D1_v2"
        },
        "adminUsername": {
            "value": "aa-admin"
        },
        "virtualNetworkName": {
            "value": "AA-AutomationWorkshop-vnet"
        },
        "networkInterfaceName": {
            "value": "aa-hrw0139"
        },
        "networkSecurityGroupName": {
            "value": "STH-DC01-nsg"
        },
        "adminPassword": {
            "value": null
        },
        "storageAccountName": {
            "value": "contosoresourcegroup971"
        },
        "storageAccountType": {
            "value": "Standard_LRS"
        },
        "subnetName": {
            "value": "default"
        },
        "publicIpAddressName": {
            "value": "STH-HRW01-ip"
        },
        "publicIpAddressType": {
            "value": "Dynamic"
        }
    }
}