{
    "$schema": "http://schema.management.azure.com/schemas/2014-04-01-preview/deploymentTemplate.json#",
    "contentVersion": "1.0.0.0",
    "parameters": {
        "name": {
            "type": "String"
        },
        "location": {
            "type": "String"
        },
        "sku": {
            "type": "String"
        }
    },
    "resources": [
        {
            "type": "Microsoft.OperationalInsights/workspaces",
            "name": "[parameters('name')]",
            "apiVersion": "2015-03-20",
            "location": "[parameters('location')]",
            "properties": {
                "sku": {
                    "name": "[parameters('sku')]"
                }
            }
        }
    ]
}