﻿{
  "$schema": "https://schema.management.azure.com/schemas/2015-01-01/deploymentTemplate.json#",
  "contentVersion": "1.0.0.0",
  "outputs": {
  },
  "parameters": {
    
  },
  "resources": [
    {
      "name": "AA-AutomationWorkshop-vnet",
      "type": "Microsoft.Network/virtualNetworks",
      "location": "Canada Central",
      "apiVersion": "2015-06-15",
      "dependsOn": [],
      "tags": {
        "displayName": "AA-AutomationWorkshop-vnet"
      },
      "properties": {
        "addressSpace": {
          "addressPrefixes": [
            "[variables('dcvNetPrefix')]"
          ]
        },
        "subnets": [
          {
            "name": "[variables('dcvNetSubnet1Name')]",
            "properties": {
              "addressPrefix": "[variables('dcvNetSubnet1Prefix')]"
            }
          }
        ],
        "dhcpOptions": {
          "dnsServers": [ "[variables('dnsServerAddress')]" ]
        }
      }
    }
    
  ],
  "variables": {
    "dcvNetPrefix": "10.1.1.0/24",
    "dcvNetSubnet1Name": "default",
    "location":  "eastus",
    "dnsServerAddress": "x.x.x.x",
    "dcvNetSubnet1Prefix": "10.1.1.0/24"
    
    

  }
}
