{
  "$schema": "https://schema.management.azure.com/schemas/2015-01-01/deploymentTemplate.json#",
  "contentVersion": "1.0.0.0",
  "parameters": {
    "vmName": {
      "type": "string",
      "metadata": {
        "description": "Name of new VM"
      }
    },
    "vmSize": {
      "type": "string",
      "defaultValue": "Standard_D2_V2",
      "metadata": {
        "description": "Size of the VM. See Azure documentation for up to date list and pricing"
      }
    },
    "adminPassword": {
      "type": "securestring",
      "metadata": {
        "description": "Password for the Virtual Machine."
      }
    },
    "adminUsername": {
      "type": "string",
      "metadata": {
        "description": "User name for the Virtual Machine."
      }
    },
    "windowsOSVersion": {
      "type": "string",
      "defaultValue": "2016-Datacenter",
      "allowedValues": [
        "2012-R2-Datacenter",
        "2016-Nano-Server",
        "2016-Datacenter-with-Containers",
        "2016-Datacenter"
      ],
      "metadata": {
        "description": "The Windows version for the new VM"
      }
    },
    "SQLadministratorLogin": {
      "type": "string",
      "minLength": 4,
      "defaultValue": "student"
    },
    "SQLadministratorLoginPassword": {
      "type": "securestring",
      "defaultValue": "Password.111"
    },
    "AutomationRegistrationUrl": {
      "type": "string"
    },
    "AutomationRegistrationKey": {
      "type":  "securestring"
    }
  },
  "variables": {
    "virtualNetworkName": "Module5VNet",
    "addressPrefix": "172.99.27.0/24",
    "subnetName": "default",
    "subnetPrefix": "172.99.27.0/27",
    "subnetRef": "[resourceId('Microsoft.Network/virtualNetworks/subnets', variables('virtualNetworkName'), variables('subnetName'))]",
    "publicIPAddressName": "myPublicIP",
    "sqlVersion": "12.0",
    "sqlEdition": "Standard",
    "sqlCollation": "SQL_Latin1_General_CP1_CI_AS",
    "sqlMaxSizeBytes": "268435456000",
    "sqlDatabaseName": "AdventureWorks",
    "sqlServerName": "[concat('sqladvwrks',uniqueString(subscription().subscriptionId))]",
    "dscConfigurationName": "DeployDBWebsite.localhost"
  },
  "resources": [
    {
      "apiVersion": "2016-03-30",
      "type": "Microsoft.Network/virtualNetworks",
      "name": "[variables('virtualNetworkName')]",
      "location": "[resourceGroup().location]",
      "properties": {
        "addressSpace": {
          "addressPrefixes": [
            "[variables('addressPrefix')]"
          ]
        },
        "subnets": [
          {
            "name": "[variables('subnetName')]",
            "properties": {
              "addressPrefix": "[variables('subnetPrefix')]"
            }
          }
        ]
      }
    },
    {
      "apiVersion": "2016-03-30",
      "type": "Microsoft.Network/publicIPAddresses",
      "name": "[variables('publicIPAddressName')]",
      "location": "[resourceGroup().location]",
      "properties": {
        "publicIPAllocationMethod": "Dynamic"
      }
    },
    {
      "type": "Microsoft.Network/networkInterfaces",
      "apiVersion": "2015-06-15",
      "location": "[resourceGroup().location]",
      "name": "[concat(parameters('vmName'),'-nic')]",
      "dependsOn": [
        "[resourceId('Microsoft.Network/publicIPAddresses/', variables('publicIPAddressName'))]",
        "[resourceId('Microsoft.Network/virtualNetworks/', variables('virtualNetworkName'))]"
      ],
      "properties": {
        "ipConfigurations": [
          {
            "name": "ipconfig1",
            "properties": {
              "privateIPAllocationMethod": "Dynamic",
              "publicIPAddress": {
                "id": "[resourceId('Microsoft.Network/publicIPAddresses',variables('publicIPAddressName'))]"
              },
              "subnet": {
                "id": "[variables('subnetRef')]"
              }
            }
          }
        ]
      }
    },
    {
      "apiVersion": "2016-04-30-preview",
      "type": "Microsoft.Compute/virtualMachines",
      "name": "[parameters('vmName')]",
      "location": "[resourceGroup().location]",
      "dependsOn": [
        "[concat('Microsoft.Network/networkInterfaces/', parameters('vmName'),'-nic')]"
      ],
      "properties": {
        "hardwareProfile": {
          "vmSize": "[parameters('vmSize')]"
        },
        "osProfile": {
          "computerName": "[parameters('vmName')]",
          "adminUsername": "[parameters('adminUsername')]",
          "adminPassword": "[parameters('adminPassword')]"
        },
        "storageProfile": {
          "imageReference": {
            "publisher": "MicrosoftWindowsServer",
            "offer": "WindowsServer",
            "sku": "[parameters('windowsOSVersion')]",
            "version": "latest"
          },
          "osDisk": {
            "name": "[concat(parameters('vmName'),'-osDisk')]",
            "caching": "ReadWrite",
            "createOption": "FromImage",
            "diskSizeGB": 128
          }
        },
        "networkProfile": {
          "networkInterfaces": [
            {
              "id": "[resourceId('Microsoft.Network/networkInterfaces',concat(parameters('vmName'),'-nic'))]"
            }
          ]
        },
        "diagnosticsProfile": {
          "bootDiagnostics": {
            "enabled": false
          }
        }
      },
      "resources": [
        {
          "name": "[concat(parameters('vmName'),'/Microsoft.Powershell.DSC')]",
          "type": "Microsoft.Compute/virtualMachines/extensions",
          "location": "[resourceGroup().location]",
          "apiVersion": "2015-06-15",
          "dependsOn": [
            "[resourceId('Microsoft.Compute/virtualMachines', parameters('vmName'))]"
          ],
          "properties": {
            "publisher": "Microsoft.Powershell",
            "type": "DSC",
            "typeHandlerVersion": "2.24",
            "autoUpgradeMinorVersion": true,
            "protectedSettings": {
              "Items": {
                "registrationKeyPrivate": "[parameters('AutomationRegistrationKey')]"
              }
            },
            "settings": {
              "modulesUrl": "https://eus2oaasibizamarketprod1.blob.core.windows.net/automationdscpreview/RegistrationMetaConfigV2.zip",
              "SasToken": "",
              "configurationFunction": "RegistrationMetaConfigV2.ps1\\RegistrationMetaConfigV2",
              "Properties": [
                {
                  "Name": "RegistrationKey",
                  "Value": {
                    "UserName": "PLACEHOLDER_DONOTUSE",
                    "Password": "PrivateSettingsRef:registrationKeyPrivate"
                  },
                  "TypeName": "System.Management.Automation.PSCredential"
                },
                {
                  "Name": "RegistrationUrl",
                  "Value": "[parameters('AutomationRegistrationUrl')]",
                  "TypeName": "System.String"
                },
                {
                  "Name": "NodeConfigurationName",
                  "Value": "[variables('dscConfigurationName')]",
                  "TypeName": "System.String"
                },
                {
                  "Name": "ConfigurationMode",
                  "Value": "applyAndAutoCorrect",
                  "TypeName": "System.String"
                },
                {
                  "Name": "ConfigurationModeFrequencyMins",
                  "Value": "15",
                  "TypeName": "System.Int32"
                },
                {
                  "Name": "RefreshFrequencyMins",
                  "Value": "30",
                  "TypeName": "System.Int32"
                },
                {
                  "Name": "RebootNodeIfNeeded",
                  "Value": true,
                  "TypeName": "System.Boolean"
                },
                {
                  "Name": "ActionAfterReboot",
                  "Value": "continueConfiguration",
                  "TypeName": "System.String"
                },
                {
                  "Name": "AllowModuleOverwrite",
                  "Value": false,
                  "TypeName": "System.Boolean"
                },
                {
                  "Name": "Timestamp",
                  "Value": "4/20/2017 5:20:04 PM",
                  "TypeName": "System.String"
                }
              ]
            }
          }
        }
      ]
    },
    {
      "apiVersion": "2014-04-01-preview",
      "location": "[resourceGroup().location]",
      "name": "[variables('sqlServerName')]",
      "type": "Microsoft.Sql/servers",
      "properties": {
        "administratorLogin": "[parameters('SQLadministratorLogin')]",
        "administratorLoginPassword": "[parameters('SQLadministratorLoginPassword')]",
        "version": "[variables('sqlVersion')]"
      },
      "resources": [
        {
          "apiVersion": "2014-04-01-preview",
          "dependsOn": [
            "[concat('Microsoft.Sql/servers/', variables('sqlServerName'))]"
          ],
          "location": "[resourceGroup().location]",
          "name": "[variables('sqlDatabaseName')]",
          "properties": {
            "collation": "[variables('sqlCollation')]",
            "edition": "[variables('sqlEdition')]",
            "maxSizeBytes": "[variables('sqlMaxSizeBytes')]",
            "requestedServiceObjectiveName": "S0",
            "sampleName": "AdventureWorksLT"
          },
          "type": "databases"
        },
        {
          "apiVersion": "2014-04-01-preview",
          "dependsOn": [
            "[concat('Microsoft.Sql/servers/', variables('sqlServerName'))]"
          ],
          "location": "[resourceGroup().location]",
          "name": "AllowAllWindowsAzureIps",
          "type": "firewallrules",
          "properties": {
            "endIpAddress": "0.0.0.0",
            "startIpAddress": "0.0.0.0"
          }
        },
        {
          "apiVersion": "2014-04-01-preview",
          "dependsOn": [
            "[concat('Microsoft.Sql/servers/', variables('sqlServerName'))]"
          ],
          "location": "[resourceGroup().location]",
          "name": "AllowAllAccess",
          "type": "firewallrules",
          "properties": {
            "endIpAddress": "255.255.255.255",
            "startIpAddress": "1.1.1.1"
          }
        }
      ]
    }
  ],
  "outputs": {
  }
}
