{
  "$schema": "https://schema.management.azure.com/schemas/2015-01-01/deploymentParameters.json#",
  "contentVersion": "1.0.0.0",
  "parameters": {
    "vmName": {
      "value": "WebAppVM"
    },
    "adminUsername": {
      "value": "student"
    },
    "adminPassword": {
      "value": "Password.111"
    },
    "AutomationRegistrationUrl": {
      "value": "https://ase-agentservice-prod-1.azure-automation.net/accounts/a93fd402-c7c1-40f3-a907-fd5c77601d5e"
    },
    "AutomationRegistrationKey": {
      "value": "lnnOkanGc3X0c0q18qlVzp0WnhyHt6r37RlbG6LJ8TZ0WvvEOsoRhnDVuaz/U2xODsmkNq0U3DEIP4GAD7o8cw=="
    }
  }
}