{
    "$schema": "http://schemas.microsoft.org/azure/deploymentTemplate?api-version=2015-01-01#",
    "contentVersion": "1.0",
    "parameters": {
        "New or existing Automation account": {
            "allowedValues": [
                "New",
                "Existing"
            ],
            "type": "String",
            "metadata": {
                "description": "Select whether you want to create a new Automation account or use an existing account. WARNING: if you select NEW but use an Automation account name that already exists in your subscription, you will not be notified that your account is being updated. The pricing tier for the account will be set to free and any tags on the account will be erased."
            }
        },
        "Automation Account Name": {
            "type": "String",
            "metadata": {
                "description": "The module will be imported to this Automation account. If you want to import your module to an existing account, make sure the resource group matches and you have entered the correct name. The account name must be between 6 to 50 characters, and can contain only letters, numbers, and hyphens."
            }
        },
        "Automation Account Location": {
            "type": "String",
            "metadata": {
                "description": "The location to deploy the Automation account in. If you select an existing account, the location field will not be used."
            }
        }
    },
    "variables": {
        "templatelink": "[concat('https://devopsgallerystorage.blob.core.windows.net/armtemplates/xActiveDirectory/2.16.0.0/', parameters('New or existing Automation account'), 'AccountTemplate.json')]",
        "xActiveDirectory:2.16.0:Name": "xActiveDirectory",
        "xActiveDirectory:2.16.0:Uri": "https://devopsgallerystorage.blob.core.windows.net/packages/xactivedirectory.2.16.0.nupkg"
    },
    "resources": [
        {
            "type": "Microsoft.Resources/deployments",
            "name": "nestedTemplate",
            "apiVersion": "2015-01-01",
            "properties": {
                "mode": "incremental",
                "templateLink": {
                    "uri": "[variables('templatelink')]",
                    "contentVersion": "1.0"
                },
                "parameters": {
                    "accountName": {
                        "value": "[parameters('Automation Account Name')]"
                    },
                    "accountLocation": {
                        "value": "[parameters('Automation Account Location')]"
                    },
                    "xActiveDirectory:2.16.0:Name": {
                        "value": "[variables('xActiveDirectory:2.16.0:Name')]"
                    },
                    "xActiveDirectory:2.16.0:Uri": {
                        "value": "[variables('xActiveDirectory:2.16.0:Uri')]"
                    }
                }
            }
        }
    ],
    "outputs": {}
}