{
    "$schema": "http://schema.management.azure.com/schemas/2015-01-01/deploymentTemplate.json#",
    "contentVersion": "1.0",
    "parameters": {
        "Automation Account Name": {
            "type": "String"
        },
        "Automation Account Location": {
            "type": "String"
        }
    },
  "variables": {
    "xDSCDomainjoin:1.1.0:Name": "xDSCDomainjoin",
    "xDSCDomainjoin:1.1.0:Uri": "https://devopsgallerystorage.blob.core.windows.net/packages/xdscdomainjoin.1.1.0.nupkg"
  },
    "resources": [
        {
            "type": "microsoft.automation/automationAccounts/modules",
            "name": "[concat(parameters('Automation Account Name'), '/', variables('xDSCDomainjoin:1.1.0:Name'))]",
            "apiVersion": "2015-10-31",
            "location": "[parameters('Automation Account Location')]",
            "tags": {},
            "properties": {
                "contentLink": {
                    "uri": "[variables('xDSCDomainjoin:1.1.0:Uri')]"
                }
            },
            "dependsOn": []
        }
    ],
    "outputs": {}
}